{
	"file_path": "C:\\Users\\frein\\AppData\\Local\\Packages\\Microsoft.MinecraftUWP_8wekyb3d8bbwe\\LocalState\\games\\com.mojang\\development_behavior_packs\\Crafting Portal ADDON BP\\recipes\\portal_nether.json",
	"file_type": "recipe",
	"format_version": 1,
	"file_uuid": "e79b2c19_5637_4a69_b161_a30926ac766c",
	"file_version": 1,
	"cache_content": {
		"children": [
			{
				"data": "1.16.100",
				"key": "format_version"
			},
			{
				"open": {
					"format_version": "1.16.100",
					"minecraft:recipe_shaped": {
						"description": {
							"identifier": "cp:nether_portal"
						},
						"tags": [
							"crafting_table"
						],
						"pattern": [
							"OOO",
							"OMO",
							"OOO"
						],
						"key": {
							"O": {
								"item": "minecraft:obsidian"
							},
							"M": {
								"item": "minecraft:flint_and_steel"
							}
						},
						"result": [
							{
								"count": 1,
								"item": "freinergamer25:nether_portal"
							}
						]
					}
				},
				"key": "minecraft:recipe_shaped",
				"children": [
					{
						"key": "description",
						"is_minified": true,
						"children": {
							"identifier": "cp:nether_portal"
						}
					},
					{
						"key": "tags",
						"is_minified": true,
						"children": [
							"crafting_table"
						]
					},
					{
						"key": "pattern",
						"is_minified": true,
						"children": [
							"OOO",
							"OMO",
							"OOO"
						]
					},
					{
						"key": "key",
						"is_minified": true,
						"children": {
							"O": {
								"item": "minecraft:obsidian"
							},
							"M": {
								"item": "minecraft:flint_and_steel"
							}
						}
					},
					{
						"open": {
							"description": {
								"identifier": "cp:nether_portal"
							},
							"tags": [
								"crafting_table"
							],
							"pattern": [
								"OOO",
								"OMO",
								"OOO"
							],
							"key": {
								"O": {
									"item": "minecraft:obsidian"
								},
								"M": {
									"item": "minecraft:flint_and_steel"
								}
							},
							"result": [
								{
									"count": 1,
									"item": "freinergamer25:nether_portal"
								}
							]
						},
						"key": "result",
						"children": [
							{
								"open": [
									{
										"count": 1,
										"item": "freinergamer25:nether_portal"
									}
								],
								"is_minified": true,
								"children": {
									"count": 1,
									"item": "freinergamer25:nether_portal"
								}
							}
						]
					}
				]
			}
		]
	}
}