{
	"num_mip_levels": 4,
	"padding": 8,
	"resource_pack_name": "Manhunt Compass Pro",
	"texture_name": "atlas.terrain",
	"texture_data": {
		"bb_speed_runner_block": {
			"textures": "textures/blocks/speed_runner_block"
		},
		"bb_hunter_1_block": {
			"textures": "textures/blocks/hunter_block_1"
		},
		"bb_remove_block": {
			"textures": "textures/blocks/remove_block"
		},
		"bb_hunter_2_block": {
			"textures": "textures/blocks/hunter_block_2"
		},
		"bb_hunter_3_block": {
			"textures": "textures/blocks/hunter_block_3"
		},
		"bb_hunter_4_block": {
			"textures": "textures/blocks/hunter_block_4"
		},
		"bb_hunter_5_block": {
			"textures": "textures/blocks/hunter_block_5"
		}
	}
}