{
	"file_path": "C:\\Users\\Glace\\AppData\\Local\\Packages\\Microsoft.MinecraftUWP_8wekyb3d8bbwe\\LocalState\\games\\com.mojang\\development_behavior_packs\\Pocket Portal BP\\blocks\\pocket_portal.json",
	"file_type": "block",
	"format_version": 1,
	"file_uuid": "c5d9f65e_555c_4f01_807d_ce5bdbd26402",
	"file_version": 6,
	"cache_content": {
		"is_minified": true,
		"children": {
			"format_version": "1.16.100",
			"minecraft:block": {
				"description": {
					"identifier": "glace:pocket_portal",
					"is_experimental": false,
					"properties": {
						"glace:mode": [
							0,
							1
						]
					}
				},
				"components": {
					"minecraft:map_color": "#A813C9",
					"minecraft:breakonpush": true,
					"minecraft:geometry": "geometry.block",
					"tag:stone": {}
				},
				"permutations": [
					{
						"condition": "query.block_property('glace:mode') == 0",
						"components": {
							"minecraft:explosion_resistance": 1,
							"minecraft:destroy_time": 1,
							"minecraft:ticking": {
								"looping": true,
								"range": [
									0,
									0
								],
								"on_tick": {
									"event": "destroy",
									"target": "self"
								}
							},
							"minecraft:on_interact": {
								"event": "on",
								"target": "self"
							},
							"minecraft:material_instances": {
								"*": {
									"render_method": "alpha_test",
									"texture": "glace_pocket_off"
								}
							}
						}
					},
					{
						"condition": "query.block_property('glace:mode') == 1",
						"components": {
							"minecraft:destroy_time": 999999,
							"minecraft:on_player_destroyed": {
								"event": "destroy",
								"target": "self"
							},
							"minecraft:ticking": {
								"looping": true,
								"range": [
									0,
									0
								],
								"on_tick": {
									"event": "portal",
									"target": "self"
								}
							},
							"minecraft:block_light_emission": 1,
							"minecraft:on_interact": {
								"event": "off",
								"target": "self"
							},
							"minecraft:material_instances": {
								"*": {
									"render_method": "alpha_test",
									"texture": "glace_pocket_on"
								}
							},
							"minecraft:explosion_resistance": 999999
						}
					}
				],
				"events": {
					"portal": {
						"run_command": {
							"command": [
								"fill ~ ~1 ~ ~ ~1 ~ end_portal 0 keep"
							],
							"target": "self"
						}
					},
					"on": {
						"set_block_property": {
							"glace:mode": 1
						}
					},
					"off": {
						"set_block_property": {
							"glace:mode": 0
						}
					},
					"destroy": {
						"run_command": {
							"command": [
								"fill ~ ~1 ~ ~ ~1 ~ air 0 replace end_portal"
							],
							"target": "self"
						}
					}
				}
			}
		}
	}
}