{
	"format_version": "1.16.100",
	"minecraft:item": {
		"description": {
			"identifier": "CNP:portal5",
			"category": "nature"
		},
		"components": {
			"minecraft:icon": {
				"texture": "portal5"
			},
			"minecraft:foil": true,
			"minecraft:max_stack_size": 1,
			"minecraft:on_use": {
				"on_use": {
					"event": "use"
				}
			}
		},
		"events": {
			"use": {
				"run_command": {
					"command": [
						"function portal5",
						"clear @s CNP:portal5 0 1"
					]
				}
			}
		}
	}
}