{
	"file_path": "C:\\Users\\Glace\\AppData\\Local\\Packages\\Microsoft.MinecraftUWP_8wekyb3d8bbwe\\LocalState\\games\\com.mojang\\development_behavior_packs\\Pocket Portal BP\\recipes\\pocket_portal.json",
	"file_type": "recipe",
	"format_version": 1,
	"file_uuid": "f747c5be_7ce5_4885_bc74_be82108b3620",
	"file_version": 0,
	"cache_content": {
		"is_minified": true,
		"children": {
			"format_version": "1.16.100",
			"minecraft:recipe_shaped": {
				"description": {
					"identifier": "glace:pocket_portal"
				},
				"tags": [
					"crafting_table"
				],
				"pattern": [
					"AAA",
					"BCB",
					"CDC"
				],
				"key": {
					"A": {
						"item": "minecraft:chorus_fruit_popped"
					},
					"B": {
						"item": "minecraft:gilded_blackstone"
					},
					"C": {
						"item": "minecraft:crying_obsidian"
					},
					"D": {
						"item": "minecraft:respawn_anchor"
					}
				},
				"result": [
					{
						"item": "glace:pocket_portal"
					}
				]
			}
		}
	}
}