{
	"file_path": "C:\\Users\\frein\\AppData\\Local\\Packages\\Microsoft.MinecraftUWP_8wekyb3d8bbwe\\LocalState\\games\\com.mojang\\development_behavior_packs\\Crafting Portal ADDON BP\\loot_tables\\blocks_portals.json",
	"file_type": "loot_table",
	"format_version": 1,
	"file_uuid": "cea9330f_3220_4bd8_ab5a_3e7cb1a7785d",
	"file_version": 0,
	"cache_content": {
		"children": [
			{
				"open": {
					"pools": [
						{
							"rolls": {
								"min": 0,
								"max": 0
							},
							"entries": [
								{
									"type": "item",
									"name": "minecraft:air"
								}
							]
						}
					]
				},
				"key": "pools",
				"children": [
					{
						"open": [
							{
								"rolls": {
									"min": 0,
									"max": 0
								},
								"entries": [
									{
										"type": "item",
										"name": "minecraft:air"
									}
								]
							}
						],
						"children": [
							{
								"open": {
									"rolls": {
										"min": 0,
										"max": 0
									},
									"entries": [
										{
											"type": "item",
											"name": "minecraft:air"
										}
									]
								},
								"key": "rolls",
								"is_minified": true,
								"children": {
									"min": 0,
									"max": 0
								}
							},
							{
								"open": {
									"rolls": {
										"min": 0,
										"max": 0
									},
									"entries": [
										{
											"type": "item",
											"name": "minecraft:air"
										}
									]
								},
								"key": "entries",
								"children": [
									{
										"open": [
											{
												"type": "item",
												"name": "minecraft:air"
											}
										],
										"is_minified": true,
										"children": {
											"type": "item",
											"name": "minecraft:air"
										}
									}
								]
							}
						]
					}
				]
			}
		]
	}
}