{
	"file_path": "C:\\Users\\frein\\AppData\\Local\\Packages\\Microsoft.MinecraftUWP_8wekyb3d8bbwe\\LocalState\\games\\com.mojang\\development_behavior_packs\\Crafting Portal ADDON BP\\loot_tables\\nether_portal_2.json",
	"file_type": "loot_table",
	"format_version": 1,
	"file_uuid": "2eeb6661_be58_4c27_8ea7_f09b467ddb3f",
	"file_version": 1,
	"cache_content": {
		"children": [
			{
				"open": {
					"pools": [
						{
							"rolls": {
								"min": 1,
								"max": 1
							},
							"entries": [
								{
									"type": "item",
									"name": "freinergamer25:nether_portal"
								}
							]
						}
					]
				},
				"key": "pools",
				"children": [
					{
						"open": [
							{
								"rolls": {
									"min": 1,
									"max": 1
								},
								"entries": [
									{
										"type": "item",
										"name": "freinergamer25:nether_portal"
									}
								]
							}
						],
						"children": [
							{
								"open": {
									"rolls": {
										"min": 1,
										"max": 1
									},
									"entries": [
										{
											"type": "item",
											"name": "freinergamer25:nether_portal"
										}
									]
								},
								"key": "rolls",
								"is_minified": true,
								"children": {
									"min": 1,
									"max": 1
								}
							},
							{
								"open": {
									"rolls": {
										"min": 1,
										"max": 1
									},
									"entries": [
										{
											"type": "item",
											"name": "freinergamer25:nether_portal"
										}
									]
								},
								"key": "entries",
								"children": [
									{
										"open": [
											{
												"type": "item",
												"name": "freinergamer25:nether_portal"
											}
										],
										"is_minified": true,
										"children": {
											"type": "item",
											"name": "freinergamer25:nether_portal"
										}
									}
								]
							}
						]
					}
				]
			}
		]
	}
}