{
	"file_path": "C:\\Users\\frein\\AppData\\Local\\Packages\\Microsoft.MinecraftUWP_8wekyb3d8bbwe\\LocalState\\games\\com.mojang\\development_resource_packs\\Crafting Portal ADDON RP\\textures\\terrain_texture.json",
	"file_type": "terrain_texture",
	"format_version": 1,
	"file_uuid": "18bf5a5f_3b4e_4152_88e6_66e29651dd14",
	"file_version": 3,
	"cache_content": {
		"children": [
			{
				"data": "bridgeRP",
				"key": "resource_pack_name"
			},
			{
				"data": "atlas.terrain",
				"key": "texture_name"
			},
			{
				"data": "8",
				"key": "padding"
			},
			{
				"data": "4",
				"key": "num_mip_levels"
			},
			{
				"open": {
					"resource_pack_name": "bridgeRP",
					"texture_name": "atlas.terrain",
					"padding": 8,
					"num_mip_levels": 4,
					"texture_data": {
						"nether_portal": {
							"textures": [
								"textures/blocks/nether_portal"
							]
						},
						"portal_end": {
							"textures": [
								"textures/blocks/portal_end"
							]
						}
					}
				},
				"key": "texture_data",
				"children": [
					{
						"open": {
							"nether_portal": {
								"textures": [
									"textures/blocks/nether_portal"
								]
							},
							"portal_end": {
								"textures": [
									"textures/blocks/portal_end"
								]
							}
						},
						"key": "nether_portal",
						"children": [
							{
								"open": {
									"textures": [
										"textures/blocks/nether_portal"
									]
								},
								"key": "textures",
								"is_minified": true,
								"children": [
									"textures/blocks/nether_portal"
								]
							}
						]
					},
					{
						"open": {
							"nether_portal": {
								"textures": [
									"textures/blocks/nether_portal"
								]
							},
							"portal_end": {
								"textures": [
									"textures/blocks/portal_end"
								]
							}
						},
						"key": "portal_end",
						"children": [
							{
								"open": {
									"textures": [
										"textures/blocks/portal_end"
									]
								},
								"key": "textures",
								"is_minified": true,
								"children": [
									"textures/blocks/portal_end"
								]
							}
						]
					}
				]
			}
		]
	}
}