{
	"file_path": "C:\\Users\\frein\\AppData\\Local\\Packages\\Microsoft.MinecraftUWP_8wekyb3d8bbwe\\LocalState\\games\\com.mojang\\development_behavior_packs\\Crafting Portal ADDON BP\\blocks\\portal_2.json",
	"file_type": "block",
	"format_version": 1,
	"file_uuid": "ae914bdb_3d50_44c3_beff_78dbe7013e7e",
	"file_version": 11,
	"cache_content": {
		"children": [
			{
				"data": "1.16.100",
				"key": "format_version"
			},
			{
				"open": {
					"format_version": "1.16.100",
					"minecraft:block": {
						"description": {
							"identifier": "freinergamer25:portal_end",
							"is_experimental": false
						},
						"components": {
							"minecraft:geometry": "geometry.nether_portal",
							"minecraft:material_instances": {
								"*": {
									"texture": "portal_end",
									"render_method": "opaque"
								}
							},
							"minecraft:on_player_destroyed": {
								"event": "colocar",
								"target": "self"
							},
							"minecraft:loot": "loot_tables/blocks_portals.json",
							"minecraft:destroy_time": 1,
							"minecraft:on_interact": {
								"event": "click",
								"target": "self"
							}
						},
						"events": {
							"colocar": {
								"run_command": {
									"command": [
										"structure load portal_end ~ ~ ~ 0_degrees",
										"setblock ~ ~ ~ air"
									]
								}
							},
							"click": {
								"spawn_loot": {
									"table": "loot_tables/end_portal_2.json"
								},
								"run_command": {
									"command": [
										"setblock ~ ~ ~ air"
									]
								}
							}
						}
					}
				},
				"key": "minecraft:block",
				"children": [
					{
						"open": {
							"description": {
								"identifier": "freinergamer25:portal_end",
								"is_experimental": false
							},
							"components": {
								"minecraft:geometry": "geometry.nether_portal",
								"minecraft:material_instances": {
									"*": {
										"texture": "portal_end",
										"render_method": "opaque"
									}
								},
								"minecraft:on_player_destroyed": {
									"event": "colocar",
									"target": "self"
								},
								"minecraft:loot": "loot_tables/blocks_portals.json",
								"minecraft:destroy_time": 1,
								"minecraft:on_interact": {
									"event": "click",
									"target": "self"
								}
							},
							"events": {
								"colocar": {
									"run_command": {
										"command": [
											"structure load portal_end ~ ~ ~ 0_degrees",
											"setblock ~ ~ ~ air"
										]
									}
								},
								"click": {
									"spawn_loot": {
										"table": "loot_tables/end_portal_2.json"
									},
									"run_command": {
										"command": [
											"setblock ~ ~ ~ air"
										]
									}
								}
							}
						},
						"key": "description",
						"is_minified": true,
						"children": {
							"identifier": "freinergamer25:portal_end",
							"is_experimental": false
						}
					},
					{
						"open": {
							"description": {
								"identifier": "freinergamer25:portal_end",
								"is_experimental": false
							},
							"components": {
								"minecraft:geometry": "geometry.nether_portal",
								"minecraft:material_instances": {
									"*": {
										"texture": "portal_end",
										"render_method": "opaque"
									}
								},
								"minecraft:on_player_destroyed": {
									"event": "colocar",
									"target": "self"
								},
								"minecraft:loot": "loot_tables/blocks_portals.json",
								"minecraft:destroy_time": 1,
								"minecraft:on_interact": {
									"event": "click",
									"target": "self"
								}
							},
							"events": {
								"colocar": {
									"run_command": {
										"command": [
											"structure load portal_end ~ ~ ~ 0_degrees",
											"setblock ~ ~ ~ air"
										]
									}
								},
								"click": {
									"spawn_loot": {
										"table": "loot_tables/end_portal_2.json"
									},
									"run_command": {
										"command": [
											"setblock ~ ~ ~ air"
										]
									}
								}
							}
						},
						"key": "components",
						"children": [
							{
								"open": {
									"minecraft:geometry": "geometry.nether_portal",
									"minecraft:material_instances": {
										"*": {
											"texture": "portal_end",
											"render_method": "opaque"
										}
									},
									"minecraft:on_player_destroyed": {
										"event": "colocar",
										"target": "self"
									},
									"minecraft:loot": "loot_tables/blocks_portals.json",
									"minecraft:destroy_time": 1,
									"minecraft:on_interact": {
										"event": "click",
										"target": "self"
									}
								},
								"data": "geometry.nether_portal",
								"key": "minecraft:geometry"
							},
							{
								"open": {
									"minecraft:geometry": "geometry.nether_portal",
									"minecraft:material_instances": {
										"*": {
											"texture": "portal_end",
											"render_method": "opaque"
										}
									},
									"minecraft:on_player_destroyed": {
										"event": "colocar",
										"target": "self"
									},
									"minecraft:loot": "loot_tables/blocks_portals.json",
									"minecraft:destroy_time": 1,
									"minecraft:on_interact": {
										"event": "click",
										"target": "self"
									}
								},
								"key": "minecraft:material_instances",
								"children": [
									{
										"open": {
											"*": {
												"texture": "portal_end",
												"render_method": "opaque"
											}
										},
										"key": "*",
										"is_minified": true,
										"children": {
											"texture": "portal_end",
											"render_method": "opaque"
										}
									}
								]
							},
							{
								"open": {
									"minecraft:geometry": "geometry.nether_portal",
									"minecraft:material_instances": {
										"*": {
											"texture": "portal_end",
											"render_method": "opaque"
										}
									},
									"minecraft:on_player_destroyed": {
										"event": "colocar",
										"target": "self"
									},
									"minecraft:loot": "loot_tables/blocks_portals.json",
									"minecraft:destroy_time": 1,
									"minecraft:on_interact": {
										"event": "click",
										"target": "self"
									}
								},
								"key": "minecraft:on_player_destroyed",
								"is_minified": true,
								"children": {
									"event": "colocar",
									"target": "self"
								}
							},
							{
								"open": {
									"minecraft:geometry": "geometry.nether_portal",
									"minecraft:material_instances": {
										"*": {
											"texture": "portal_end",
											"render_method": "opaque"
										}
									},
									"minecraft:on_player_destroyed": {
										"event": "colocar",
										"target": "self"
									},
									"minecraft:loot": "loot_tables/blocks_portals.json",
									"minecraft:destroy_time": 1,
									"minecraft:on_interact": {
										"event": "click",
										"target": "self"
									}
								},
								"data": "loot_tables/blocks_portals.json",
								"key": "minecraft:loot"
							},
							{
								"data": "1",
								"key": "minecraft:destroy_time"
							},
							{
								"open": {
									"minecraft:geometry": "geometry.nether_portal",
									"minecraft:material_instances": {
										"*": {
											"texture": "portal_end",
											"render_method": "opaque"
										}
									},
									"minecraft:on_player_destroyed": {
										"event": "colocar",
										"target": "self"
									},
									"minecraft:loot": "loot_tables/blocks_portals.json",
									"minecraft:destroy_time": 1,
									"minecraft:on_interact": {
										"event": "click",
										"target": "self"
									}
								},
								"key": "minecraft:on_interact",
								"is_minified": true,
								"children": {
									"event": "click",
									"target": "self"
								}
							}
						]
					},
					{
						"open": {
							"description": {
								"identifier": "freinergamer25:portal_end",
								"is_experimental": false
							},
							"components": {
								"minecraft:geometry": "geometry.nether_portal",
								"minecraft:material_instances": {
									"*": {
										"texture": "portal_end",
										"render_method": "opaque"
									}
								},
								"minecraft:on_player_destroyed": {
									"event": "colocar",
									"target": "self"
								},
								"minecraft:loot": "loot_tables/blocks_portals.json",
								"minecraft:destroy_time": 1,
								"minecraft:on_interact": {
									"event": "click",
									"target": "self"
								}
							},
							"events": {
								"colocar": {
									"run_command": {
										"command": [
											"structure load portal_end ~ ~ ~ 0_degrees",
											"setblock ~ ~ ~ air"
										]
									}
								},
								"click": {
									"spawn_loot": {
										"table": "loot_tables/end_portal_2.json"
									},
									"run_command": {
										"command": [
											"setblock ~ ~ ~ air"
										]
									}
								}
							}
						},
						"key": "events",
						"children": [
							{
								"open": {
									"colocar": {
										"run_command": {
											"command": [
												"structure load portal_end ~ ~ ~ 0_degrees",
												"setblock ~ ~ ~ air"
											]
										}
									},
									"click": {
										"spawn_loot": {
											"table": "loot_tables/end_portal_2.json"
										},
										"run_command": {
											"command": [
												"setblock ~ ~ ~ air"
											]
										}
									}
								},
								"key": "colocar",
								"children": [
									{
										"open": {
											"run_command": {
												"command": [
													"structure load portal_end ~ ~ ~ 0_degrees",
													"setblock ~ ~ ~ air"
												]
											}
										},
										"key": "run_command",
										"children": [
											{
												"open": {
													"command": [
														"structure load portal_end ~ ~ ~ 0_degrees",
														"setblock ~ ~ ~ air"
													]
												},
												"key": "command",
												"is_minified": true,
												"children": [
													"structure load portal_end ~ ~ ~ 0_degrees",
													"setblock ~ ~ ~ air"
												]
											}
										]
									}
								]
							},
							{
								"open": {
									"colocar": {
										"run_command": {
											"command": [
												"structure load portal_end ~ ~ ~ 0_degrees",
												"setblock ~ ~ ~ air"
											]
										}
									},
									"click": {
										"spawn_loot": {
											"table": "loot_tables/end_portal_2.json"
										},
										"run_command": {
											"command": [
												"setblock ~ ~ ~ air"
											]
										}
									}
								},
								"key": "click",
								"children": [
									{
										"open": {
											"spawn_loot": {
												"table": "loot_tables/end_portal_2.json"
											},
											"run_command": {
												"command": [
													"setblock ~ ~ ~ air"
												]
											}
										},
										"key": "spawn_loot",
										"is_minified": true,
										"children": {
											"table": "loot_tables/end_portal_2.json"
										}
									},
									{
										"open": {
											"spawn_loot": {
												"table": "loot_tables/end_portal_2.json"
											},
											"run_command": {
												"command": [
													"setblock ~ ~ ~ air"
												]
											}
										},
										"key": "run_command",
										"children": [
											{
												"open": {
													"command": [
														"setblock ~ ~ ~ air"
													]
												},
												"key": "command",
												"is_minified": true,
												"children": [
													"setblock ~ ~ ~ air"
												]
											}
										]
									}
								]
							}
						]
					}
				]
			}
		]
	}
}