{
    "format_version": "1.12",
    "minecraft:recipe_shaped": {
        "tags": [
            "crafting_table"
        ],
        "pattern": [
            "###",
            "#S#",
            "###"
        ],
        "key": {
            "#": {
                "item": "minecraft:obsidian"
            },
            "S": {
                "item": "minecraft:nether_brick"
            }
        },
        "result": {
            "item": "CNP:portal1",
            "count": 1
        },
        "description": {
            "identifier": "CNB:portal1_recipe"
        }
    }
}